{
  "Main" : {
    "title" : {
      "type" : "StructuredText",
      "config" : {
        "single" : "heading1",
        "label" : "Title"
      }
    },
    "image" : {
      "type" : "Image",
      "config" : {
        "constraint" : { },
        "thumbnails" : [ ],
        "label" : "Image"
      }
    },
    "excerpt" : {
      "type" : "StructuredText",
      "config" : {
        "single" : "paragraph",
        "label" : "Excerpt"
      }
    },
    "body" : {
      "type" : "Slices",
      "fieldset" : "Slice zone",
      "config" : {
        "choices" : {
          "text_block" : {
            "type" : "Slice",
            "fieldset" : "Text Block",
            "description" : "Rich Text",
            "icon" : "text_fields",
            "display" : "list",
            "non-repeat" : {
              "text" : {
                "type" : "StructuredText",
                "config" : {
                  "multi" : "paragraph, heading2, strong, em, hyperlink",
                  "allowTargetBlank" : true,
                  "label" : "Text",
                  "placeholder" : "Type your text here"
                }
              }
            },
            "repeat" : { }
          },
          "image" : {
            "type" : "Slice",
            "fieldset" : "Image",
            "description" : "Image",
            "icon" : "image",
            "display" : "list",
            "non-repeat" : {
              "img" : {
                "type" : "Image",
                "config" : {
                  "constraint" : { },
                  "thumbnails" : [ ],
                  "label" : "Image"
                }
              }
            },
            "repeat" : { }
          },
          "embed" : {
            "type" : "Slice",
            "fieldset" : "Embed",
            "description" : "Youtube, Instagram, ...",
            "icon" : "cloud",
            "display" : "list",
            "non-repeat" : {
              "embed" : {
                "type" : "Embed",
                "config" : {
                  "label" : "Embed"
                }
              }
            },
            "repeat" : { }
          }
        }
      }
    }
  },
  "SEO & Social" : {
    "uid" : {
      "type" : "UID",
      "config" : {
        "label" : "UID"
      }
    },
    "meta_title" : {
      "type" : "StructuredText",
      "config" : {
        "single" : "heading1",
        "label" : "Meta title",
        "placeholder" : "Meta title"
      }
    },
    "meta_description" : {
      "type" : "StructuredText",
      "config" : {
        "single" : "paragraph",
        "label" : "Meta description",
        "placeholder" : "Meta description"
      }
    },
    "author" : {
      "type" : "Link",
      "config" : {
        "select" : "document",
        "customtypes" : [ "author" ],
        "label" : "Author",
        "placeholder" : "Johnny McJohn"
      }
    },
    "social" : {
      "type" : "Slices",
      "fieldset" : "Slice zone",
      "config" : {
        "choices" : {
          "twitter_card" : {
            "type" : "Slice",
            "fieldset" : "Twitter Card",
            "description" : "Fields to customize Twitter Card (Summary Card with Large Image)",
            "icon" : "credit_card",
            "display" : "list",
            "non-repeat" : {
              "twitter_title" : {
                "type" : "StructuredText",
                "config" : {
                  "single" : "paragraph",
                  "label" : "Title",
                  "placeholder" : "Title for Twitter Card"
                }
              },
              "twitter_description" : {
                "type" : "StructuredText",
                "config" : {
                  "single" : "paragraph",
                  "label" : "Description",
                  "placeholder" : "Description for Twitter Card"
                }
              },
              "twitter_image" : {
                "type" : "Image",
                "config" : {
                  "constraint" : {
                    "width" : 1200,
                    "height" : 675
                  },
                  "thumbnails" : [ ],
                  "label" : "Image"
                }
              }
            },
            "repeat" : { }
          },
          "open_graph" : {
            "type" : "Slice",
            "fieldset" : "Open Graph",
            "description" : "Fields to customize Open Graph",
            "icon" : "thumb_up",
            "display" : "list",
            "non-repeat" : {
              "og_title" : {
                "type" : "StructuredText",
                "config" : {
                  "single" : "paragraph",
                  "label" : "Title",
                  "placeholder" : "Title for Open Graph"
                }
              },
              "og_description" : {
                "type" : "StructuredText",
                "config" : {
                  "single" : "paragraph",
                  "label" : "Description",
                  "placeholder" : "Description for Open Graph"
                }
              },
              "og_image" : {
                "type" : "Image",
                "config" : {
                  "constraint" : {
                    "width" : 1200,
                    "height" : 628
                  },
                  "thumbnails" : [ ],
                  "label" : "Image"
                }
              }
            },
            "repeat" : { }
          }
        }
      }
    }
  }
}