[
  {
    "id": "author",
    "name": "Author",
    "repeatable": true,
    "value": "author.json"
  },
  {
    "id": "blog_home",
    "name": "Blog Home Metadata",
    "repeatable": false,
    "value": "blog_home.json"
  },
  {
    "id": "blog_post",
    "name": "Blog Post",
    "repeatable": true,
    "value": "blog_post.json"
  },
  {
    "id": "homepage",
    "name": "Homepage",
    "repeatable": false,
    "value": "homepage.json"
  },
  {
    "id": "landing_page",
    "name": "Landing Page",
    "repeatable": true,
    "value": "landing_page.json"
  },
  {
    "id": "layout",
    "name": "Layout",
    "repeatable": false,
    "value": "layout.json"
  },
  {
    "id": "product",
    "name": "Product",
    "repeatable": true,
    "value": "product.json"
  },
  {
    "id": "products",
    "name": "Products List",
    "repeatable": false,
    "value": "products.json"
  }
]