{
  "Main" : {
    "title" : {
      "type" : "StructuredText",
      "config" : {
        "single" : "heading1, strong",
        "label" : "Title",
        "placeholder" : "Title"
      }
    },
    "body" : {
      "type" : "Slices",
      "fieldset" : "Slice zone",
      "config" : {
        "labels" : {
          "product_quote" : [ {
            "name" : "normal",
            "display" : "Text left - Image right (default)"
          }, {
            "name" : "reverse",
            "display" : "Text right - Image left"
          } ]
        },
        "choices" : {
          "big_bullet_item" : {
            "type" : "Slice",
            "fieldset" : "Item with numbers",
            "description" : "1 number and description in a grid layout",
            "icon" : "filter_1",
            "display" : "grid",
            "non-repeat" : {
              "title_section" : {
                "type" : "StructuredText",
                "config" : {
                  "single" : "heading2",
                  "label" : "Title Section",
                  "placeholder" : "How it works ..."
                }
              }
            },
            "repeat" : {
              "description_paragraph" : {
                "type" : "StructuredText",
                "config" : {
                  "multi" : "paragraph, strong, em",
                  "label" : "Description paragraph",
                  "placeholder" : "Select some amazing coffee"
                }
              }
            }
          },
          "banner_split" : {
            "type" : "Slice",
            "fieldset" : "Banner split",
            "description" : "Banner image with splitted text",
            "icon" : "image",
            "display" : "list",
            "non-repeat" : {
              "banner_image" : {
                "type" : "Image",
                "config" : {
                  "constraint" : { },
                  "thumbnails" : [ ],
                  "label" : "Image"
                }
              },
              "banner_title" : {
                "type" : "StructuredText",
                "config" : {
                  "single" : "heading2",
                  "label" : "Title"
                }
              },
              "banner_text" : {
                "type" : "StructuredText",
                "config" : {
                  "single" : "paragraph",
                  "label" : "Text"
                }
              }
            },
            "repeat" : { }
          },
          "product_quote" : {
            "type" : "Slice",
            "fieldset" : "Product + quote",
            "description" : "Product + quote",
            "icon" : "format_quote",
            "display" : "list",
            "non-repeat" : {
              "quote_background" : {
                "type" : "Image",
                "config" : {
                  "constraint" : { },
                  "thumbnails" : [ ],
                  "label" : "Quote background"
                }
              },
              "quote_text" : {
                "type" : "StructuredText",
                "config" : {
                  "single" : "paragraph",
                  "label" : "Quote text"
                }
              },
              "quote_author" : {
                "type" : "StructuredText",
                "config" : {
                  "single" : "paragraph",
                  "label" : "Quote author"
                }
              },
              "product_image" : {
                "type" : "Image",
                "config" : {
                  "constraint" : { },
                  "thumbnails" : [ ],
                  "label" : "Product image"
                }
              },
              "product_description" : {
                "type" : "StructuredText",
                "config" : {
                  "single" : "paragraph",
                  "label" : "Product description"
                }
              }
            },
            "repeat" : { }
          }
        }
      }
    }
  },
  "SEO & Social" : {
    "uid" : {
      "type" : "UID",
      "config" : {
        "label" : "Slug for url",
        "placeholder" : "uid"
      }
    },
    "meta_title" : {
      "type" : "StructuredText",
      "config" : {
        "single" : "heading1",
        "label" : "Meta title",
        "placeholder" : "Meta title"
      }
    },
    "meta_description" : {
      "type" : "StructuredText",
      "config" : {
        "single" : "paragraph",
        "label" : "Meta description",
        "placeholder" : "Meta description"
      }
    },
    "social" : {
      "type" : "Slices",
      "fieldset" : "Slice zone",
      "config" : {
        "choices" : {
          "twitter_card" : {
            "type" : "Slice",
            "fieldset" : "Twitter Card",
            "description" : "Fields to customize Twitter Card (Summary Card with Large Image)",
            "icon" : "credit_card",
            "display" : "list",
            "non-repeat" : {
              "twitter_title" : {
                "type" : "StructuredText",
                "config" : {
                  "single" : "paragraph",
                  "label" : "Title",
                  "placeholder" : "Title for Twitter Card"
                }
              },
              "twitter_description" : {
                "type" : "StructuredText",
                "config" : {
                  "single" : "paragraph",
                  "label" : "Description",
                  "placeholder" : "Description for Twitter Card"
                }
              },
              "twitter_image" : {
                "type" : "Image",
                "config" : {
                  "constraint" : {
                    "width" : 1200,
                    "height" : 675
                  },
                  "thumbnails" : [ ],
                  "label" : "Image"
                }
              }
            },
            "repeat" : { }
          },
          "open_graph" : {
            "type" : "Slice",
            "fieldset" : "Open Graph",
            "description" : "Fields to customize Open Graph",
            "icon" : "thumb_up",
            "display" : "list",
            "non-repeat" : {
              "og_title" : {
                "type" : "StructuredText",
                "config" : {
                  "single" : "paragraph",
                  "label" : "Title",
                  "placeholder" : "Title for Open Graph"
                }
              },
              "og_description" : {
                "type" : "StructuredText",
                "config" : {
                  "single" : "paragraph",
                  "label" : "Description",
                  "placeholder" : "Description for Open Graph"
                }
              },
              "og_image" : {
                "type" : "Image",
                "config" : {
                  "constraint" : {
                    "width" : 1200,
                    "height" : 628
                  },
                  "thumbnails" : [ ],
                  "label" : "Image"
                }
              }
            },
            "repeat" : { }
          }
        }
      }
    }
  }
}