{
  "Main" : {
    "product_image" : {
      "type" : "Image",
      "config" : {
        "constraint" : { },
        "thumbnails" : [ ],
        "label" : "Product Image"
      }
    },
    "product_name" : {
      "type" : "StructuredText",
      "config" : {
        "single" : "heading1",
        "label" : "Product Name",
        "placeholder" : "Thought Leader's Coffee"
      }
    },
    "rich_content" : {
      "type" : "StructuredText",
      "config" : {
        "multi" : "paragraph, heading2, list-item",
        "label" : "Rich content"
      }
    },
    "button_label" : {
      "type" : "StructuredText",
      "config" : {
        "single" : "paragraph",
        "label" : "Button Label",
        "placeholder" : "Add to cart"
      }
    },
    "sub_title" : {
      "type" : "StructuredText",
      "config" : {
        "single" : "heading2",
        "label" : "Sub title",
        "placeholder" : "Kenya"
      }
    }
  },
  "Product Description" : {
    "title" : {
      "type" : "StructuredText",
      "config" : {
        "single" : "heading2",
        "label" : "Title",
        "placeholder" : "What we like"
      }
    },
    "product_description" : {
      "type" : "StructuredText",
      "config" : {
        "multi" : "paragraph, heading3, heading4, heading5, strong, em, hyperlink, list-item, o-list-item, o-list-item",
        "allowTargetBlank" : true,
        "label" : "Product description",
        "placeholder" : "This coffee guarantees a rather complex set of flavors"
      }
    }
  },
  "Related Product" : {
    "related_products_title" : {
      "type" : "StructuredText",
      "config" : {
        "single" : "heading2",
        "label" : "Title"
      }
    },
    "related_products" : {
      "type" : "Group",
      "config" : {
        "fields" : {
          "product1" : {
            "type" : "Link",
            "config" : {
              "select" : "document",
              "customtypes" : [ "product" ],
              "label" : "Product",
              "placeholder" : "Select a product"
            }
          }
        },
        "label" : "Related products"
      }
    }
  },
  "SEO & Social" : {
    "uid" : {
      "type" : "UID",
      "config" : {
        "label" : "Slug for url",
        "placeholder" : "uid"
      }
    },
    "meta_title" : {
      "type" : "StructuredText",
      "config" : {
        "single" : "heading1",
        "label" : "Meta title",
        "placeholder" : "Meta title"
      }
    },
    "meta_description" : {
      "type" : "StructuredText",
      "config" : {
        "single" : "paragraph",
        "label" : "Meta description",
        "placeholder" : "Meta description"
      }
    },
    "social" : {
      "type" : "Slices",
      "fieldset" : "Slice zone",
      "config" : {
        "choices" : {
          "twitter_card" : {
            "type" : "Slice",
            "fieldset" : "Twitter Card",
            "description" : "Fields to customize Twitter Card (Summary Card with Large Image)",
            "icon" : "credit_card",
            "display" : "list",
            "non-repeat" : {
              "twitter_title" : {
                "type" : "StructuredText",
                "config" : {
                  "single" : "paragraph",
                  "label" : "Title",
                  "placeholder" : "Title for Twitter Card"
                }
              },
              "twitter_description" : {
                "type" : "StructuredText",
                "config" : {
                  "single" : "paragraph",
                  "label" : "Description",
                  "placeholder" : "Description for Twitter Card"
                }
              },
              "twitter_image" : {
                "type" : "Image",
                "config" : {
                  "constraint" : {
                    "width" : 1200,
                    "height" : 675
                  },
                  "thumbnails" : [ ],
                  "label" : "Image"
                }
              }
            },
            "repeat" : { }
          },
          "open_graph" : {
            "type" : "Slice",
            "fieldset" : "Open Graph",
            "description" : "Fields to customize Open Graph",
            "icon" : "thumb_up",
            "display" : "list",
            "non-repeat" : {
              "og_title" : {
                "type" : "StructuredText",
                "config" : {
                  "single" : "paragraph",
                  "label" : "Title",
                  "placeholder" : "Title for Open Graph"
                }
              },
              "og_description" : {
                "type" : "StructuredText",
                "config" : {
                  "single" : "paragraph",
                  "label" : "Description",
                  "placeholder" : "Description for Open Graph"
                }
              },
              "og_image" : {
                "type" : "Image",
                "config" : {
                  "constraint" : {
                    "width" : 1200,
                    "height" : 628
                  },
                  "thumbnails" : [ ],
                  "label" : "Image"
                }
              }
            },
            "repeat" : { }
          }
        }
      }
    }
  }
}